requestid,requested_at,reset_token,sent_to,userid
1,"2025-05-07 15:36:31.191658",739894,izumikamasaki@gmail.com,2
2,"2025-05-08 15:16:57.998175",734556,izumikamasaki@gmail.com,2
3,"2025-05-08 15:17:02.344008",385091,izumikamasaki@gmail.com,2
4,"2025-05-08 15:17:06.548689",143285,izumikamasaki@gmail.com,2
5,"2025-05-08 15:17:14.547115",828034,luke.murphy1988@gmail.com,1341
6,"2025-05-08 15:17:25.210645",988194,grace.nelson1987@gmail.com,1348
7,"2025-05-08 15:17:34.242479",364950,thisisnottravis@gmail.com,1353
8,"2025-05-08 15:17:41.552302",155058,finch.found.secret@gmail.com,1358
9,"2025-05-08 15:17:47.541649",361908,ez.urban.explorer@gmail.com,1362
10,"2025-05-08 15:17:54.343321",642413,james@gmail.com,39
11,"2025-05-08 15:18:08.544683",891812,finch.found.secret@gmail.com,1358
12,"2025-05-08 15:18:15.704750",670301,finch.found.secret@gmail.com,1358
13,"2025-05-08 15:18:19.732890",344282,finch.found.secret@gmail.com,1358
14,"2025-05-08 15:18:23.386840",621823,finch.found.secret@gmail.com,1358
15,"2025-05-08 15:18:27.319587",471163,finch.found.secret@gmail.com,1358
16,"2025-05-08 15:18:31.714831",376442,finch.found.secret@gmail.com,1358
17,"2025-05-08 15:18:42.555011",544983,finch.found.secret@gmail.com,1358
18,"2025-05-08 15:18:59.420897",482891,sophia.martinez1993@gmail.com,1344
19,"2025-05-08 15:19:23.552553",882195,sophia.martinez1993@gmail.com,1344
20,"2025-05-08 15:19:43.048980",547631,eddie.r@gmail.com,100
